base_path,filename,ax0_min,ax0_max,ax1_min,ax1_max,confidence,year,diagnosis,diagnosis_raw
//nmbu.no/LargeFile/Project/CubiAI/sortering/dicom sortert level 2,1.2.276.0.82.1.1.1430.87290889.192.168.0.112.614434984.1.4.13223.dcm,759,958,1408,1606,0.99805814,19,3,"3, OCD"
//nmbu.no/LargeFile/Project/CubiAI/sortering/dicom sortert level 2,1.2.276.0.82.1.1.1430.87290889.192.168.0.112.614434985.1.4.13223.dcm,747,948,1444,1647,0.9779263,19,3,"3, OCD"
//nmbu.no/LargeFile/Project/CubiAI/sortering/dicom sortert level 2,1.2.276.0.82.1.1.1430.87290889.192.168.0.112.614435657.1.4.13223.dcm,838,1038,1480,1681,0.9534856,19,3,"3, OCD"
//nmbu.no/LargeFile/Project/CubiAI/sortering/dicom sortert level 2,1.2.276.0.82.1.1.1430.87290889.192.168.0.112.614435658.1.4.13223.dcm,690,888,1390,1589,0.9992279,19,3,"3, OCD"
//nmbu.no/LargeFile/Project/CubiAI/sortering/dicom sortert level 2,1.2.392.200036.9125.9.0.487527015.39393792.3835717129.dcm,327,519,812,1005,0.98550606,19,3,"3, OCD"
//nmbu.no/LargeFile/Project/CubiAI/sortering/dicom sortert level 2,1.2.392.200036.9125.9.0.487528295.138877440.3835717129.dcm,498,691,776,970,0.9998097,19,3,"3, OCD"
//nmbu.no/LargeFile/Project/CubiAI/sortering/dicom sortert level 2,1.2.826.0.1.3680043.2.876.6339.1.2.3.20191010101221.2.11.dcm,1024,1184,618,778,0.9999962,19,3,"3, OCD"
//nmbu.no/LargeFile/Project/CubiAI/sortering/dicom sortert level 2,1.3.51.0.7.13570051037.24404.35656.34044.17607.38550.9349.dcm,511,656,854,999,0.9999945,19,3,"3, OCD"
//nmbu.no/LargeFile/Project/CubiAI/sortering/dicom sortert level 2,1.3.51.0.7.1652700352.15192.54351.44734.45664.28744.34883.dcm,287,427,586,726,0.99999905,19,3,"3, OCD"
