base_path,filename,ax0_min,ax0_max,ax1_min,ax1_max,confidence,year,diagnosis,diagnosis_raw
//nmbu.no/LargeFile/Project/CubiAI/sortering/dicom sortert level 2,1.2.840.114062.4.192.168.1.90.2019.3.10.9.37.56.6368780747648437.dcm,1029,1190,784,946,0.99996185,19,3,"3, UAP"
//nmbu.no/LargeFile/Project/CubiAI/sortering/dicom sortert level 2,1.2.840.114387.519030153.53007.19101.36621.161700202918133.dcm,414,602,1335,1524,0.9999894,19,3,"3, UAP"
//nmbu.no/LargeFile/Project/CubiAI/sortering/dicom sortert level 2,1.3.51.0.7.11581192825.62103.59972.47907.54606.20993.6934.dcm,910,1075,439,604,0.99999964,19,3,"3, UAP"
//nmbu.no/LargeFile/Project/CubiAI/sortering/dicom sortert level 2,1.3.51.0.7.1268309609.39083.49219.40560.47745.5987.2302.dcm,1978,2209,993,1224,0.96164787,19,3,"3, UAP"
//nmbu.no/LargeFile/Project/CubiAI/sortering/dicom sortert level 2,1.3.51.0.7.1733930170.3730.58691.35714.21729.16622.61637.dcm,865,1096,1073,1304,0.98727626,19,3,"3, UAP"
//nmbu.no/LargeFile/Project/CubiAI/sortering/dicom sortert level 2,1.3.51.0.7.2673690365.64358.36938.47126.8095.3876.41409.dcm,2405,2614,2842,3051,0.9986041,19,3,"3, UAP"
//nmbu.no/LargeFile/Project/CubiAI/sortering/dicom sortert level 2,1.3.51.0.7.2981736969.10300.47429.48483.63817.26350.54373.dcm,1877,2099,2719,2941,0.98057723,19,3,"3, UAP"
//nmbu.no/LargeFile/Project/CubiAI/sortering/dicom sortert level 2,1.3.51.0.7.3392928835.19015.24640.48172.45829.48377.37710.dcm,630,860,822,1054,0.9900799,19,3,"3, UAP"
//nmbu.no/LargeFile/Project/CubiAI/sortering/dicom sortert level 2,1.3.51.0.7.853224189.25027.14155.48118.17646.26938.13780.dcm,779,986,1790,1997,0.9983713,19,3,"3, UAP"
